-- phpMyAdmin SQL Dump
-- version 4.7.0
-- https://www.phpmyadmin.net/
--
-- Host: 127.0.0.1
-- Generation Time: Nov 12, 2017 at 08:54 PM
-- Server version: 10.1.25-MariaDB
-- PHP Version: 5.6.31

SET SQL_MODE = "NO_AUTO_VALUE_ON_ZERO";
SET AUTOCOMMIT = 0;
START TRANSACTION;
SET time_zone = "+00:00";


/*!40101 SET @OLD_CHARACTER_SET_CLIENT=@@CHARACTER_SET_CLIENT */;
/*!40101 SET @OLD_CHARACTER_SET_RESULTS=@@CHARACTER_SET_RESULTS */;
/*!40101 SET @OLD_COLLATION_CONNECTION=@@COLLATION_CONNECTION */;
/*!40101 SET NAMES utf8mb4 */;

--
-- Database: `mohammed`
--

-- --------------------------------------------------------

--
-- Table structure for table `categories`
--

CREATE TABLE `categories` (
  `id` int(11) NOT NULL,
  `name` varchar(255) NOT NULL,
  `description` text NOT NULL,
  `parent` int(11) NOT NULL DEFAULT '0',
  `ordering` int(11) NOT NULL,
  `visibilty` tinyint(4) NOT NULL DEFAULT '0',
  `allow_comment` tinyint(4) NOT NULL DEFAULT '0',
  `allow_ads` tinyint(4) NOT NULL DEFAULT '0'
) ENGINE=InnoDB DEFAULT CHARSET=utf8;

--
-- Dumping data for table `categories`
--

INSERT INTO `categories` (`id`, `name`, `description`, `parent`, `ordering`, `visibilty`, `allow_comment`, `allow_ads`) VALUES
(5, 'قسم الاحذية', '', 0, 4, 1, 0, 1),
(9, 'جلبابات', 'طلبية من الصين', 0, 5, 1, 0, 0),
(13, 'قسم الادوات المنزلية', 'من الصين', 0, 1, 1, 1, 1),
(14, 'شتلة زيتون', 'كبيرة', 0, 2, 0, 0, 0),
(15, 'شتلة برتقال', 'كبيرة جدا', 14, 0, 0, 0, 0),
(18, 'عباية طويلة', 'كبيرة', 9, 2, 0, 0, 0),
(19, 'ماوس', 'كبيرة جدا', 20, 2, 0, 0, 0),
(20, 'الكترونيات', 'رجالي الهدد 100 والطلبية من الصين', 0, 4, 0, 1, 1),
(22, 'معالق', 'وسط', 13, 2, 1, 1, 1),
(23, 'غاز', 'رائع جدا ', 13, 2, 1, 1, 0),
(24, 'قسم الجوالات', 'يحتوي على جميع انواع الجوالات', 0, 2, 1, 1, 1);

-- --------------------------------------------------------

--
-- Table structure for table `comment`
--

CREATE TABLE `comment` (
  `c_id` int(11) NOT NULL,
  `comment` text NOT NULL,
  `state` tinyint(4) NOT NULL DEFAULT '0',
  `comment_date` date NOT NULL,
  `item_id` int(11) NOT NULL,
  `user_id` int(11) NOT NULL
) ENGINE=InnoDB DEFAULT CHARSET=utf8;

--
-- Dumping data for table `comment`
--

INSERT INTO `comment` (`c_id`, `comment`, `state`, `comment_date`, `item_id`, `user_id`) VALUES
(29, '\r\nمنتج رائع ولكن يفتقد المواصفات المطلوبة\r\nمنتج رائع ولكن يفتقد المواصفات المطلوبة\r\nمنتج رائع ولكن يفتقد المواصفات المطلوبة\r\nمنتج رائع ولكن يفتقد المواصفات المطلوبة\r\nمنتج رائع ولكن يفتقد المواصفات المطلوبة\r\n', 1, '2017-11-07', 46, 12321191),
(30, 'كلام سئ جدا ولا ارضاه', 1, '2017-11-08', 46, 12321152),
(31, 'جيد جدا ولكن سعره مرتفع', 0, '2017-11-07', 46, 12321188),
(32, 'لا يوجد فرق بينه وبين الجديد', 0, '2017-11-07', 47, 12321188),
(33, 'حرمات', 0, '2017-11-08', 47, 12321190),
(34, 'مش منيح', 0, '2017-11-08', 46, 12321191),
(35, 'انا كتير بحب هادي اللعبة', 0, '2017-11-07', 58, 12321138),
(36, 'محمد منير عباس', 0, '2017-11-09', 58, 12321138),
(37, 'كتير حلوة وانا مبسوطة عليها كتير\r\n', 0, '2017-11-09', 58, 12321138),
(38, 'المريول كتير حلو', 0, '2017-11-09', 60, 12321208),
(39, 'المريول كتير حلو', 1, '2017-11-09', 60, 12321208),
(40, 'كتير حلو', 0, '2017-11-09', 53, 12321208),
(41, 'كتير كتير حلو', 1, '2017-11-09', 53, 12321208),
(60, 'كتير كتير حلو\r\n', 0, '2017-11-09', 60, 12321138),
(61, 'رائع جدا', 0, '2017-11-09', 60, 12321138),
(62, 'مشكلة اللعبة انها بتخرب بسرعة\r\n', 0, '2017-11-09', 58, 12321208),
(63, 'اسمها دمية مش دمة..هههههه', 0, '2017-11-09', 58, 12321129),
(64, 'مشكلة اللعبة انها بتخرب بسرعة\r\n', 0, '2017-11-09', 58, 12321208),
(65, 'مشكلة اللعبة انها بتخرب بسرعة\r\n', 0, '2017-11-09', 58, 12321208),
(66, 'مشكلة اللعبة انها بتخرب بسرعة\r\n', 0, '2017-11-09', 58, 12321208),
(67, 'مشكلة اللعبة انها بتخرب بسرعة\r\n', 0, '2017-11-09', 58, 12321208),
(68, 'اسمها دمية مش دمة..هههههه', 0, '2017-11-09', 58, 12321129),
(69, 'مشكلة اللعبة انها بتخرب بسرعة\r\n', 0, '2017-11-09', 58, 12321208),
(70, 'ههههههههه', 0, '2017-11-09', 58, 12321208),
(71, 'هههههههههههههههه', 0, '2017-11-09', 60, 12321208),
(72, 'هههههههههههههههه', 0, '2017-11-09', 60, 12321208),
(73, 'هههههههههههههههه', 0, '2017-11-09', 60, 12321208),
(74, ' لابلابل', 0, '2017-11-09', 58, 12321208),
(75, 'خخخخخخخخخخخ', 0, '2017-11-09', 58, 12321208),
(76, 'انا كتير بحب هادي اللعبة', 0, '2017-11-09', 58, 12321208),
(77, 'انا كتير بحب هادي اللعبةانا كتير بحب هادي اللعبةانا كتير بحب هادي اللعبةانا كتير بحب هادي اللعبةانا كتير بحب هادي اللعبةانا كتير بحب هادي اللعبةانا كتير بحب هادي اللعبةانا كتير بحب هادي اللعبةانا كتير بحب هادي اللعبةانا كتير بحب هادي اللعبةانا كتير بحب هادي اللعبةانا كتير بحب هادي اللعبةانا كتير بحب هادي اللعبةانا كتير بحب هادي اللعبةانا كتير بحب هادي اللعبةانا كتير بحب هادي اللعبةانا كتير بحب هادي اللعبةانا كتير بحب هادي اللعبةانا كتير بحب هادي اللعبةانا كتير بحب هادي اللعبةانا كتير بحب هادي اللعبةانا كتير بحب هادي اللعبةانا كتير بحب هادي اللعبةانا كتير بحب هادي اللعبةانا كتير بحب هادي اللعبةانا كتير بحب هادي اللعبة', 0, '2017-11-09', 60, 12321208),
(78, 'انا كتير بحب هادي اللعبةانا كتير بحب هادي اللعبةانا كتير بحب هادي اللعبةانا كتير بحب هادي اللعبةانا كتير بحب هادي اللعبةانا كتير بحب هادي اللعبةانا كتير بحب هادي اللعبةانا كتير بحب هادي اللعبةانا كتير بحب هادي اللعبةانا كتير بحب هادي اللعبةانا كتير بحب هادي اللعبةانا كتير بحب هادي اللعبةانا كتير بحب هادي اللعبةانا كتير بحب هادي اللعبةانا كتير بحب هادي اللعبةانا كتير بحب هادي اللعبةانا كتير بحب هادي اللعبةانا كتير بحب هادي اللعبةانا كتير بحب هادي اللعبةانا كتير بحب هادي اللعبةانا كتير بحب هادي اللعبةانا كتير بحب هادي اللعبةانا كتير بحب هادي اللعبةانا كتير بحب هادي اللعبةانا كتير بحب هادي اللعبةانا كتير بحب هادي اللعبةانا كتير بحب هادي اللعبةانا كتير بحب هادي اللعبةانا كتير بحب هادي اللعبةانا كتير بحب هادي اللعبةانا كتير بحب هادي اللعبةانا كتير بحب هادي اللعبةانا كتير بحب هادي اللعبةانا كتير بحب هادي اللعبةانا كتير بحب هادي اللعبةانا كتير بحب هادي اللعبةانا كتير بحب هادي اللعبةانا كتير بحب هادي اللعبةانا كتير بحب هادي اللعبةانا كتير بحب هادي اللعبةانا كتير بحب هادي اللعبةانا كتير بحب هادي اللعبةانا كتير بحب هادي اللعبةانا كتير بحب هادي اللعبةانا كتير بحب هادي اللعبةانا كتير بحب هادي اللعبةانا كتير بحب هادي اللعبةانا كتير بحب هادي اللعبةانا كتير بحب هادي اللعبةانا كتير بحب هادي اللعبةانا كتير بحب هادي اللعبةانا كتير بحب هادي اللعبةانا كتير بحب هادي اللعبةانا كتير بحب هادي اللعبةانا كتير بحب هادي اللعبةانا كتير بحب هادي اللعبةانا كتير بحب هادي اللعبةانا كتير بحب هادي اللعبةانا كتير بحب هادي اللعبةانا كتير بحب هادي اللعبةانا كتير بحب هادي اللعبةانا كتير بحب هادي اللعبةانا كتير بحب هادي اللعبةانا كتير بحب هادي اللعبةانا كتير بحب هادي اللعبةانا كتير بحب هادي اللعبةانا كتير بحب هادي اللعبةانا كتير بحب هادي اللعبةانا كتير بحب هادي اللعبةانا كتير بحب هادي اللعبةانا كتير بحب هادي اللعبةانا كتير بحب هادي اللعبةانا كتير بحب هادي اللعبةانا كتير بحب هادي اللعبةانا كتير بحب هادي اللعبةانا كتير بحب هادي اللعبةانا كتير بحب هادي اللعبةانا كتير بحب هادي اللعبةانا كتير بحب هادي اللعبةانا كتير بحب هادي اللعبةانا كتير بحب هادي اللعبةانا كتير بحب هادي اللعبةانا كتير بحب هادي اللعبةانا كتير بحب هادي اللعبةانا كتير بحب هادي اللعبةانا كتير بحب هادي اللعبةانا كتير بحب هادي اللعبةانا كتير بحب هادي اللعبةانا كتير بحب هادي اللعبةانا كتير بحب هادي اللعبةانا كتير بحب هادي اللعبةانا كتير بحب هادي اللعبةانا كتير بحب هادي اللعبةانا كتير بحب هادي اللعبةانا كتير بحب هادي اللعبةانا كتير بحب هادي اللعبةانا كتير بحب هادي اللعبةانا كتير بحب هادي اللعبةانا كتير بحب هادي اللعبةانا كتير بحب هادي اللعبةانا كتير بحب هادي اللعبةانا كتير بحب هادي اللعبةانا كتير بحب هادي اللعبةانا كتير بحب هادي اللعبةانا كتير بحب هادي اللعبةانا كتير بحب هادي اللعبةانا كتير بحب هادي اللعبةانا كتير بحب هادي اللعبةانا كتير بحب هادي اللعبةانا كتير بحب هادي اللعبةانا كتير بحب هادي اللعبةانا كتير بحب هادي اللعبةانا كتير بحب هادي اللعبةانا كتير بحب هادي اللعبةانا كتير بحب هادي اللعبةانا كتير بحب هادي اللعبةانا كتير بحب هادي اللعبةانا كتير بحب هادي اللعبةانا كتير بحب هادي اللعبةانا كتير بحب هادي اللعبةانا كتير بحب هادي اللعبةانا كتير بحب هادي اللعبةانا كتير بحب هادي اللعبةانا كتير بحب هادي اللعبةانا كتير بحب هادي اللعبةانا كتير بحب هادي اللعبةانا كتير بحب هادي اللعبةانا كتير بحب هادي اللعبةانا كتير بحب هادي اللعبةانا كتير بحب هادي اللعبةانا كتير بحب هادي اللعبةانا كتير بحب هادي اللعبةانا كتير بحب هادي اللعبةانا كتير بحب هادي اللعبةانا كتير بحب هادي اللعبةانا كتير بحب هادي اللعبةانا كتير بحب هادي اللعبةانا كتير بحب هادي اللعبةانا كتير بحب هادي اللعبةانا كتير بحب هادي اللعبةانا كتير بحب هادي اللعبةانا كتير بحب هادي اللعبةانا كتير بحب هادي اللعبةانا كتير بحب هادي اللعبةانا كتير بحب هادي اللعبةانا كتير بحب هادي اللعبةانا كتير بحب هادي اللعبةانا كتير بحب هادي اللعبةانا كتير بحب هادي اللعبةانا كتير بحب هادي اللعبةانا كتير بحب هادي اللعبةانا كتير بحب هادي اللعبةانا كتير بحب هادي اللعبةانا كتير بحب هادي اللعبةانا كتير بحب هادي اللعبةانا كتير بحب هادي اللعبةانا كتير بحب هادي اللعبةانا كتير بحب هادي اللعبةانا كتير بحب هادي اللعبةانا كتير بحب هادي اللعبةانا كتير بحب هادي اللعبةانا كتير بحب هادي اللعبةانا كتير بحب هادي اللعبةانا كتير بحب هادي اللعبةانا كتير بحب هادي اللعبةانا كتير بحب هادي اللعبةانا كتير بحب هادي اللعبةانا كتير بحب هادي اللعبةانا كتير بحب هادي اللعبةانا كتير بحب هادي اللعبةانا كتير بحب هادي اللعبةانا كتير بحب هادي اللعبةانا كتير بحب هادي اللعبةانا كتير بحب هادي اللعبةانا كتير بحب هادي اللعبةانا كتير بحب هادي اللعبةانا كتير بحب هادي اللعبةانا كتير بحب هادي اللعبةانا كتير بحب هادي اللعبةانا كتير بحب هادي اللعبةانا كتير بحب هادي اللعبةانا كتير بحب هادي اللعبةانا كتير بحب هادي اللعبةانا كتير بحب هادي اللعبةانا كتير بحب هادي اللعبةانا كتير بحب هادي اللعبةانا كتير بحب هادي اللعبةانا كتير بحب هادي اللعبةانا كتير بحب هادي اللعبةانا كتير بحب هادي اللعبةانا كتير بحب هادي اللعبةانا كتير بحب هادي اللعبةانا كتير بحب هادي اللعبةانا كتير بحب هادي اللعبةانا كتير بحب هادي اللعبةانا كتير بحب هادي اللعبةانا كتير بحب هادي اللعبةانا كتير بحب هادي اللعبةانا كتير بحب هادي اللعبةانا كتير بحب هادي اللعبةانا كتير بحب هادي اللعبةانا كتير بحب هادي اللعبةانا كتير بحب هادي اللعبةانا كتير بحب هادي اللعبةانا كتير بحب هادي اللعبةانا كتير بحب هادي اللعبةانا كتير بحب هادي اللعبةانا كتير بحب هادي اللعبةانا كتير بحب هادي اللعبةانا كتير بحب هادي اللعبةانا كتير بحب هادي اللعبةانا كتير بحب هادي اللعبةانا كتير بحب هادي اللعبةانا كتير بحب هادي اللعبةانا كتير بحب هادي اللعبةانا كتير بحب هادي اللعبةانا كتير بحب هادي اللعبةانا كتير بحب هادي اللعبةانا كتير بحب هادي اللعبةانا كتير بحب هادي اللعبةانا كتير بحب هادي اللعبةانا كتير بحب هادي اللعبةانا كتير بحب هادي اللعبةانا كتير بحب هادي اللعبةانا كتير بحب هادي اللعبةانا كتير بحب هادي اللعبةانا كتير بحب هادي اللعبةانا كتير بحب هادي اللعبةانا كتير بحب هادي اللعبةانا كتير بحب هادي اللعبةانا كتير بحب هادي اللعبةانا كتير بحب هادي اللعبةانا كتير بحب هادي اللعبةانا كتير بحب هادي اللعبةانا كتير بحب هادي اللعبةانا كتير بحب هادي اللعبةانا كتير بحب هادي اللعبةانا كتير بحب هادي اللعبةانا كتير بحب هادي اللعبةانا كتير بحب هادي اللعبةانا كتير بحب هادي اللعبةانا كتير بحب هادي اللعبةانا كتير بحب هادي اللعبةانا كتير بحب هادي اللعبةانا كتير بحب هادي اللعبةانا كتير بحب هادي اللعبةانا كتير بحب هادي اللعبةانا كتير بحب هادي اللعبةانا كتير بحب هادي اللعبةانا كتير بحب هادي اللعبةانا كتير بحب هادي اللعبةانا كتير بحب هادي اللعبةانا كتير بحب هادي اللعبةانا كتير بحب هادي اللعبةانا كتير بحب هادي اللعبةانا كتير بحب هادي اللعبةانا كتير بحب هادي اللعبةانا كتير بحب هادي اللعبةانا كتير بحب هادي اللعبةانا كتير بحب هادي اللعبةانا كتير بحب هادي اللعبةانا كتير بحب هادي اللعبةانا كتير بحب هادي اللعبةانا كتير بحب هادي اللعبةانا كتير بحب هادي اللعبةانا كتير بحب هادي اللعبةانا كتير بحب هادي اللعبةانا كتير بحب هادي اللعبةانا كتير بحب هادي اللعبةانا كتير بحب هادي اللعبةانا كتير بحب هادي اللعبةانا كتير بحب هادي اللعبةانا كتير بحب هادي اللعبةانا كتير بحب هادي اللعبةانا كتير بحب هادي اللعبةانا كتير بحب هادي اللعبةانا كتير بحب هادي اللعبةانا كتير بحب هادي اللعبةانا كتير بحب هادي اللعبةانا كتير بحب هادي اللعبةانا كتير بحب هادي اللعبةانا كتير بحب هادي اللعبةانا كتير بحب هادي اللعبةانا كتير بحب هادي اللعبةانا كتير بحب هادي اللعبةانا كتير بحب هادي اللعبةانا كتير بحب هادي اللعبةانا كتير بحب هادي اللعبةانا كتير بحب هادي اللعبةانا كتير بحب هادي اللعبةانا كتير بحب هادي اللعبةانا كتير بحب هادي اللعبةانا كتير بحب هادي اللعبةانا كتير بحب هادي اللعبةانا كتير بحب هادي اللعبةانا كتير بحب هادي اللعبةانا كتير بحب هادي اللعبةانا كتير بحب هادي اللعبةانا كتير بحب هادي اللعبةانا كتير بحب هادي اللعبةانا كتير بحب هادي اللعبةانا كتير بحب هادي اللعبةانا كتير بحب هادي اللعبةانا كتير بحب هادي اللعبةانا كتير بحب هادي اللعبةانا كتير بحب هادي اللعبةانا كتير بحب هادي اللعبةانا كتير بحب هادي اللعبةانا كتير بحب هادي اللعبةانا كتير بحب هادي اللعبةانا كتير بحب هادي اللعبةانا كتير بحب هادي اللعبةانا كتير بحب هادي اللعبةانا كتير بحب هادي اللعبةانا كتير بحب هادي اللعبةانا كتير بحب هادي اللعبةانا كتير بحب هادي اللعبةانا كتير بحب هادي اللعبةانا كتير بحب هادي اللعبةانا كتير بحب هادي اللعبةانا كتير بحب هادي اللعبةانا كتير بحب هادي اللعبةانا كتير بحب هادي اللعبةانا كتير بحب هادي اللعبةانا كتير بحب هادي اللعبةانا كتير بحب هادي اللعبةانا كتير بحب هادي اللعبةانا كتير بحب هادي اللعبةانا كتير بحب هادي اللعبةانا كتير بحب هادي اللعبةانا كتير بحب هادي اللعبةانا كتير بحب هادي اللعبةانا كتير بحب هادي اللعبةانا كتير بحب هادي اللعبةانا كتير بحب هادي اللعبةانا كتير بحب هادي اللعبةانا كتير بحب هادي اللعبةانا كتير بحب هادي اللعبةانا كتير بحب هادي اللعبةانا كتير بحب هادي اللعبةانا كتير بحب هادي اللعبةانا كتير بحب هادي اللعبةانا كتير بحب هادي اللعبةانا كتير بحب هادي اللعبةانا كتير بحب هادي اللعبةانا كتير بحب هادي اللعبةانا كتير بحب هادي اللعبةانا كتير بحب هادي اللعبةانا كتير بحب هادي اللعبةانا كتير بحب هادي اللعبةانا كتير بحب هادي اللعبةانا كتير بحب هادي اللعبةانا كتير بحب هادي اللعبةانا كتير بحب هادي اللعبةانا كتير بحب هادي اللعبةانا كتير بحب هادي اللعبةانا كتير بحب هادي اللعبةانا كتير بحب هادي اللعبةانا كتير بحب هادي اللعبةانا كتير بحب هادي اللعبةانا كتير بحب هادي اللعبةانا كتير بحب هادي اللعبةانا كتير بحب هادي اللعبةانا كتير بحب هادي اللعبةانا كتير بحب هادي اللعبةانا كتير بحب هادي اللعبةانا كتير بحب هادي اللعبةانا كتير بحب هادي اللعبةانا كتير بحب هادي اللعبةانا كتير بحب هادي اللعبةانا كتير بحب هادي اللعبةانا كتير بحب هادي اللعبةانا كتير بحب هادي اللعبةانا كتير بحب هادي اللعبةانا كتير بحب هادي اللعبةانا كتير بحب هادي اللعبةانا كتير بحب هادي اللعبةانا كتير بحب هادي اللعبةانا كتير بحب هادي اللعبةانا كتير بحب هادي اللعبةانا كتير بحب هادي اللعبةانا كتير بحب هادي اللعبةانا كتير بحب هادي اللعبةانا كتير بحب هادي اللعبةانا كتير بحب هادي اللعبةانا كتير بحب هادي اللعبةانا كتير بحب هادي اللعبةانا كتير بحب هادي اللعبةانا كتير بحب هادي اللعبةانا كتير بحب هادي اللعبةانا كتير بحب هادي اللعبةانا كتير بحب هادي اللعبةانا كتير بحب هادي اللعبةانا كتير بحب هادي اللعبةانا كتير بحب هادي اللعبةانا كتير بحب هادي اللعبةانا كتير بحب هادي اللعبةانا كتير بحب هادي اللعبةانا كتير بحب هادي اللعبةانا كتير بحب هادي اللعبةانا كتير بحب هادي اللعبةانا كتير بحب هادي اللعبةانا كتير بحب هادي اللعبةانا كتير بحب هادي اللعبةانا كتير بحب هادي اللعبةانا كتير بحب هادي اللعبةانا كتير بحب هادي اللعبةانا كتير بحب هادي اللعبةانا كتير بحب هادي اللعبةانا كتير بحب هادي اللعبةانا كتير بحب هادي اللعبةانا كتير بحب هادي اللعبةانا كتير بحب هادي اللعبةانا كتير بحب هادي اللعبةانا كتير بحب هادي اللعبةانا كتير بحب هادي اللعبةانا كتير بحب هادي اللعبةانا كتير بحب هادي اللعبةانا كتير بحب هادي اللعبةانا كتير بحب هادي اللعبةانا كتير بحب هادي اللعبةانا كتير بحب هادي اللعبةانا كتير بحب هادي اللعبةانا كتير بحب هادي اللعبةانا كتير بحب هادي اللعبةانا كتير بحب هادي اللعبةانا كتير بحب هادي اللعبةانا كتير بحب هادي اللعبةانا كتير بحب هادي اللعبةانا كتير بحب هادي اللعبةانا كتير بحب هادي اللعبةانا كتير بحب هادي اللعبةانا كتير بحب هادي اللعبةانا كتير بحب هادي اللعبةانا كتير بحب هادي اللعبةانا كتير بحب هادي اللعبةانا كتير بحب هادي اللعبةانا كتير بحب هادي اللعبةانا كتير بحب هادي اللعبةانا كتير بحب هادي اللعبةانا كتير بحب هادي اللعبةانا كتير بحب هادي اللعبةانا كتير بحب هادي اللعبةانا كتير بحب هادي اللعبةانا كتير بحب هادي اللعبةانا كتير بحب هادي اللعبةانا كتير بحب هادي اللعبةانا كتير بحب هادي اللعبةانا كتير بحب هادي اللعبةانا كتير بحب هادي اللعبةانا كتير بحب هادي اللعبةانا كتير بحب هادي اللعبةانا كتير بحب هادي اللعبةانا كتير بحب هادي اللعبةانا كتير بحب هادي اللعبةانا كتير بحب هادي اللعبةانا كتير بحب هادي اللعبةانا كتير بحب هادي اللعبةانا كتير بحب هادي اللعبةانا كتير بحب هادي اللعبةانا كتير بحب هادي اللعبةانا كتير بحب هادي اللعبةانا كتير بحب هادي اللعبةانا كتير بحب هادي اللعبةانا كتير بحب هادي اللعبةانا كتير بحب هادي اللعبةانا كتير بحب هادي اللعبةانا كتير بحب هادي اللعبةانا كتير بحب هادي اللعبةانا كتير بحب هادي اللعبةانا كتير بحب هادي اللعبةانا كتير بحب هادي اللعبةانا كتير بحب هادي اللعبةانا كتير بحب هادي اللعبةانا كتير بحب هادي اللعبةانا كتير بحب هادي اللعبةانا كتير بحب هادي اللعبةانا كتير بحب هادي اللعبةانا كتير بحب هادي اللعبةانا كتير بحب هادي اللعبةانا كتير بحب هادي اللعبةانا كتير بحب هادي اللعبةانا كتير بحب هادي اللعبةانا كتير بحب هادي اللعبةانا كتير بحب هادي اللعبةانا كتير بحب هادي اللعبةانا كتير بحب هادي اللعبةانا كتير بحب هادي اللعبةانا كتير بحب هادي اللعبةانا كتير بحب هادي اللعبةانا كتير بحب هادي اللعبةانا كتير بحب هادي اللعبةانا كتير بحب هادي اللعبةانا كتير بحب هادي اللعبةانا كتير بحب هادي اللعبةانا كتير بحب هادي اللعبةانا كتير بحب هادي اللعبةانا كتير بحب هادي اللعبةانا كتير بحب هادي اللعبةانا كتير بحب هادي اللعبةانا كتير بحب هادي اللعبةانا كتير بحب هادي اللعبةانا كتير بحب هادي اللعبةانا كتير بحب هادي اللعبةانا كتير بحب هادي اللعبةانا كتير بحب هادي اللعبةانا كتير بحب هادي اللعبةانا كتير بحب هادي اللعبةانا كتير بحب هادي اللعبةانا كتير بحب هادي اللعبةانا كتير بحب هادي اللعبةانا كتير بحب هادي اللعبةانا كتير بحب هادي اللعبةانا كتير بحب هادي اللعبةانا كتير بحب هادي اللعبةانا كتير بحب هادي اللعبةانا كتير بحب هادي اللعبةانا كتير بحب هادي اللعبةانا كتير بحب هادي اللعبةانا كتير بحب هادي اللعبةانا كتير بحب هادي اللعبةانا كتير بحب هادي اللعبةانا كتير بحب هادي اللعبةانا كتير بحب هادي اللعبةانا كتير بحب هادي اللعبةانا كتير بحب هادي اللعبةانا كتير بحب هادي اللعبةانا كتير بحب هادي اللعبةانا كتير بحب هادي اللعبةانا كتير بحب هادي اللعبةانا كتير بحب هادي اللعبةانا كتير بحب هادي اللعبةانا كتير بحب هادي اللعبةانا كتير بحب هادي اللعبةانا كتير بحب هادي اللعبةانا كتير بحب هادي اللعبةانا كتير بحب هادي اللعبةانا كتير بحب هادي اللعبةانا كتير بحب هادي اللعبةانا كتير بحب هادي اللعبةانا كتير بحب هادي اللعبةانا كتير بحب هادي اللعبةانا كتير بحب هادي اللعبةانا كتير بحب هادي اللعبةانا كتير بحب هادي اللعبةانا كتير بحب هادي اللعبةانا كتير بحب هادي اللعبةانا كتير بحب هادي اللعبةانا كتير بحب هادي اللعبةانا كتير بحب هادي اللعبةانا كتير بحب هادي اللعبةانا كتير بحب هادي اللعبةانا كتير بحب هادي اللعبةانا كتير بحب هادي اللعبةانا كتير بحب هادي اللعبةانا كتير بحب هادي اللعبةانا كتير بحب هادي اللعبةانا كتير بحب هادي اللعبةانا كتير بحب هادي اللعبةانا كتير بحب هادي اللعبةانا كتير بحب هادي اللعبةانا كتير بحب هادي اللعبةانا كتير بحب هادي اللعبةانا كتير بحب هادي اللعبةانا كتير بحب هادي اللعبةانا كتير بحب هادي اللعبةانا كتير بحب هادي اللعبةانا كتير بحب هادي اللعبةانا كتير بحب هادي اللعبةانا كتير بحب هادي اللعبةانا كتير بحب هادي اللعبةانا كتير بحب هادي اللعبةانا كتير بحب هادي اللعبةانا كتير بحب هادي اللعبةانا كتير بحب هادي اللعبةانا كتير بحب هادي اللعبةانا كتير بحب هادي اللعبةانا كتير بحب هادي اللعبةانا كتير بحب هادي اللعبةانا كتير بحب هادي اللعبةانا كتير بحب هادي اللعبةانا كتير بحب هادي اللعبةانا كتير بحب هادي اللعبةانا كتير بحب هادي اللعبةانا كتير بحب هادي اللعبةانا كتير بحب هادي اللعبةانا كتير بحب هادي اللعبةانا كتير بحب هادي اللعبةانا كتير بحب هادي اللعبةانا كتير بحب هادي اللعبةانا كتير بحب هادي اللعبةانا كتير بحب هادي اللعبةانا كتير بحب هادي اللعبةانا كتير بحب هادي اللعبةانا كتير بحب هادي اللعبةانا كتير بحب هادي اللعبةانا كتير بحب هادي اللعبةانا كتير بحب هادي اللعبة', 0, '2017-11-09', 60, 12321208),
(79, 'هههههههههههههههههه', 0, '2017-11-09', 60, 12321208),
(80, 'اسمها دمية مش دمة..هههههه', 0, '2017-11-09', 58, 12321129),
(81, 'سيبليسبلسيبلسبل', 0, '2017-11-09', 51, 12321208),
(82, 'ليش بتضحكي يا رغد؟؟؟', 0, '2017-11-09', 51, 9),
(83, 'ههههههه مش مفعل لسا\r\n', 0, '2017-11-10', 59, 12321138);

-- --------------------------------------------------------

--
-- Table structure for table `items`
--

CREATE TABLE `items` (
  `name_id` int(11) NOT NULL,
  `name` varchar(255) NOT NULL,
  `description` text NOT NULL,
  `price` varchar(255) NOT NULL,
  `date` date NOT NULL,
  `country_made` varchar(255) NOT NULL,
  `image` varchar(255) NOT NULL,
  `state` varchar(255) NOT NULL,
  `rating` smallint(6) NOT NULL,
  `approve` tinyint(4) NOT NULL DEFAULT '0',
  `cat_id` int(11) NOT NULL,
  `member_id` int(11) NOT NULL,
  `tags` varchar(255) NOT NULL
) ENGINE=InnoDB DEFAULT CHARSET=utf8;

--
-- Dumping data for table `items`
--

INSERT INTO `items` (`name_id`, `name`, `description`, `price`, `date`, `country_made`, `image`, `state`, `rating`, `approve`, `cat_id`, `member_id`, `tags`) VALUES
(46, 'لابتوبات', 'جديد من اليابان', '4444', '2017-11-07', 'الصين', 'بيشسب', 'شسيب', 3, 0, 20, 12321192, '0'),
(47, 'فرشات', 'طبية وسميكة', '342', '2017-11-15', 'الصين', 'لا يوجد', 'بي', 3, 0, 13, 12321188, '0'),
(48, 'لاب توب', 'جيد', '34', '2017-11-03', 'الصين', '', '2', 0, 0, 20, 12321188, '0'),
(49, 'ماوس', 'ممتاز', '43', '2017-11-03', 'الصين', '', '2', 0, 0, 20, 12321189, '0'),
(50, 'بلاي ستيشن', 'ممتاز', '43', '2017-11-03', 'الصين', '', '2', 0, 0, 20, 12321189, 'iphonx'),
(51, 'بوت بني', 'رائع', '43', '2017-11-03', 'الصين', '', '2', 0, 0, 5, 12321189, '0'),
(52, 'سماعات', 'كتير كبيرة ورائعة ولكن سعرها غالي  جدا جدا وتحتاج الي موافقة المصررين عليها ', '70$', '2017-11-04', 'الصين', '', '2', 0, 0, 20, 12321188, '0'),
(53, 'عبايات تركي', 'جميلة ', '400$', '2017-11-04', 'الصين', '', '3', 0, 0, 9, 12321135, '0'),
(57, 'سيارة صغيرة', 'كبيرة جدا', '2342', '2017-11-08', 'الصين', '', '1', 0, 0, 13, 8, '0'),
(58, 'دمية', 'جميلة جدا', '23423', '2017-11-08', 'الصين', '', '3', 0, 1, 9, 12321138, '0'),
(59, 'لعبة حيوانات بلاستيكية', 'رائعة جدا', '200', '2017-11-09', 'قطر', '', '1', 0, 0, 20, 12321138, '0'),
(60, 'مريول مدرسي', 'رائع', '23', '2017-11-09', 'غزة مصنع زقوت', '', '2', 0, 1, 13, 12321208, '0'),
(61, 'ايفون ابل', 'رائع', '234', '2017-11-11', 'الصين', '', '1', 0, 0, 20, 12321138, 'ايفونx'),
(62, 'ahmed', 'لا يوجد', '400$', '2017-11-11', 'الصين', '', '1', 0, 0, 24, 12321138, 'iphon x,jalaxy , sony'),
(63, 'جوال', 'كبيرة جدا', '400', '2017-11-11', 'الصين', '', '1', 0, 1, 9, 12321138, 'iphon x,jalaxy , sony');

-- --------------------------------------------------------

--
-- Table structure for table `users`
--

CREATE TABLE `users` (
  `userid` int(11) NOT NULL,
  `name` varchar(255) NOT NULL,
  `password` varchar(255) NOT NULL,
  `email` varchar(255) NOT NULL,
  `fullname` varchar(255) NOT NULL,
  `groupid` int(11) NOT NULL DEFAULT '1',
  `state` int(11) NOT NULL,
  `date` datetime NOT NULL,
  `avatar` varchar(255) NOT NULL
) ENGINE=InnoDB DEFAULT CHARSET=utf8;

--
-- Dumping data for table `users`
--

INSERT INTO `users` (`userid`, `name`, `password`, `email`, `fullname`, `groupid`, `state`, `date`, `avatar`) VALUES
(8, 'محمد منير عباس', 'fghfdgdf', 'abgtyrtyu19fdg97tariq@hotmail.com', 'متنتم', 1, 0, '0000-00-00 00:00:00', ''),
(9, 'سعيد منير عباس', '123', 'dggf@h.com', 'لنن', 0, 0, '2017-10-25 18:13:47', ''),
(22, 'mohand1', '6216f8a75fd5bb3d5f22b6f9958cdede3fc086c2', '111@hotmail.com', 'ghfh', 1, 0, '0000-00-00 00:00:00', ''),
(55, 'rola sari', '123', 'sdf@hotmail.com', 'rola sari ahmed', 1, 0, '0000-00-00 00:00:00', ''),
(12321127, '56', '56', '56', '', 1, 0, '0000-00-00 00:00:00', ''),
(12321129, 'tasneem', '2559506', 'sdf@hotmail.com', 'fsdffsdfsd', 1, 0, '0000-00-00 00:00:00', ''),
(12321135, 'tasneem', '2559506', 'abu1997tariq@hotmail.com', 'tasneem abbas', 1, 0, '0000-00-00 00:00:00', ''),
(12321137, 'Raghd', '123', 'fr@35.com', 'Raghd abbas', 1, 0, '0000-00-00 00:00:00', ''),
(12321138, 'ahmed', '2559506', 'ds@sdf.com', 'sdf', 0, 0, '0000-00-00 00:00:00', ''),
(12321139, 'ahmed2', '2559506', 'abu1997tariq@hotmail.com', 'bxcdf', 1, 0, '0000-00-00 00:00:00', ''),
(12321140, 'ahmed3', '2559506', 'abu1997tariq@hotmail.com', 'sdf', 1, 0, '0000-00-00 00:00:00', ''),
(12321147, 'بببببب', 'ببببب', 'fg@hotmail.com', 'sdfsdf', 1, 1, '0000-00-00 00:00:00', ''),
(12321150, 'يسبشيب', '2559506', 'abu1997tariq@hotmail.com', 'سشيب', 1, 0, '0000-00-00 00:00:00', ''),
(12321151, 'منير', '2559506', 'kljgdf@hotmail.com', 'منير سعيد عباس', 1, 1, '0000-00-00 00:00:00', ''),
(12321152, 'محمد', '123', 'msd@hotmail.com', 'محمد منير عباس', 0, 0, '0000-00-00 00:00:00', ''),
(12321170, 'سشيب', 'شسيب', 'abu1997tariq@hotmail.com', 'سيبسيب', 1, 1, '0000-00-00 00:00:00', ''),
(12321175, 'tasneem', '2559506', 'abu1997tariq@hotmail.com', 'tasneem abbas', 1, 1, '0000-00-00 00:00:00', ''),
(12321188, 'ابو حازم', '2559506', 'abu1997tariq@hotmail.com', 'tasneem abbas', 0, 0, '2017-10-20 00:00:00', ''),
(12321189, 'نادر', '2559506', 'abu1997tariq@hotmail.com', 'tasneem abbas', 1, 0, '2017-10-20 10:26:55', ''),
(12321190, 'العوضي', '2559506', 'abu1997tariq@hotmail.com', 'tasneem abbas', 1, 1, '2017-10-20 10:28:48', ''),
(12321191, 'ابو عمرو', '2559506', 'abu1997tariq@hotmail.com', 'tasneem abbas', 1, 0, '2017-10-20 10:29:09', ''),
(12321192, 'لحية', '2559506', 'abu1997tariq@hotmail.com', 'عباس', 1, 0, '2017-10-20 12:07:58', ''),
(12321207, 'mouath', '123123', 'moon1753@hotmail.com', 'mouath kamal', 1, 1, '2017-11-07 18:56:10', ''),
(12321208, 'رغد جهاد عباس', '123123', 'ad@hotmail.com', '', 1, 1, '2017-11-07 21:10:44', ''),
(12321222, 'سعودي', '2559506', 'moon1753@hotmail.com', 'عباس', 1, 0, '2017-11-12 21:44:15', '11096_wpid-unknown_man_zps3c70b0411.jpg'),
(12321223, 'خليجي', '2559506', 'moon1753@hotmail.com', 'tasneem abbas', 1, 0, '2017-11-12 21:44:51', '69525_images.jpg'),
(12321224, 'احمد لحية', '2559506', 'abu1997tariq@hotmail.com', 'tasneem abbas', 1, 0, '2017-11-12 22:48:28', '38922_23473171_1007408269399403_6052399235408584445_n.jpg');

--
-- Indexes for dumped tables
--

--
-- Indexes for table `categories`
--
ALTER TABLE `categories`
  ADD PRIMARY KEY (`id`);

--
-- Indexes for table `comment`
--
ALTER TABLE `comment`
  ADD PRIMARY KEY (`c_id`),
  ADD KEY `item2` (`item_id`),
  ADD KEY `mmmm` (`user_id`);

--
-- Indexes for table `items`
--
ALTER TABLE `items`
  ADD PRIMARY KEY (`name_id`),
  ADD KEY `cat_1` (`cat_id`),
  ADD KEY `vvvv` (`member_id`);

--
-- Indexes for table `users`
--
ALTER TABLE `users`
  ADD PRIMARY KEY (`userid`);

--
-- AUTO_INCREMENT for dumped tables
--

--
-- AUTO_INCREMENT for table `categories`
--
ALTER TABLE `categories`
  MODIFY `id` int(11) NOT NULL AUTO_INCREMENT, AUTO_INCREMENT=25;
--
-- AUTO_INCREMENT for table `comment`
--
ALTER TABLE `comment`
  MODIFY `c_id` int(11) NOT NULL AUTO_INCREMENT, AUTO_INCREMENT=84;
--
-- AUTO_INCREMENT for table `items`
--
ALTER TABLE `items`
  MODIFY `name_id` int(11) NOT NULL AUTO_INCREMENT, AUTO_INCREMENT=64;
--
-- AUTO_INCREMENT for table `users`
--
ALTER TABLE `users`
  MODIFY `userid` int(11) NOT NULL AUTO_INCREMENT, AUTO_INCREMENT=12321225;
--
-- Constraints for dumped tables
--

--
-- Constraints for table `comment`
--
ALTER TABLE `comment`
  ADD CONSTRAINT `item2` FOREIGN KEY (`item_id`) REFERENCES `items` (`name_id`) ON DELETE CASCADE ON UPDATE CASCADE,
  ADD CONSTRAINT `mmmm` FOREIGN KEY (`user_id`) REFERENCES `users` (`userid`) ON DELETE CASCADE ON UPDATE CASCADE;

--
-- Constraints for table `items`
--
ALTER TABLE `items`
  ADD CONSTRAINT `cat_1` FOREIGN KEY (`cat_id`) REFERENCES `categories` (`id`) ON DELETE CASCADE ON UPDATE CASCADE,
  ADD CONSTRAINT `member_1` FOREIGN KEY (`member_id`) REFERENCES `users` (`userid`) ON DELETE CASCADE ON UPDATE CASCADE;
COMMIT;

/*!40101 SET CHARACTER_SET_CLIENT=@OLD_CHARACTER_SET_CLIENT */;
/*!40101 SET CHARACTER_SET_RESULTS=@OLD_CHARACTER_SET_RESULTS */;
/*!40101 SET COLLATION_CONNECTION=@OLD_COLLATION_CONNECTION */;
